Aa	Ao	Fn	Pg	Sg	So	Va
K00001	K00003	K00003	K00012	K00001	K00001	K00003
K00009	K00010	K00014	K00014	K00003	K00003	K00012
K00010	K00012	K00016	K00018	K00004	K00014	K00013
K00012	K00013	K00018	K00024	K00005	K00016	K00014
K00014	K00014	K00027	K00029	K00013	K00033	K00015
K00018	K00016	K00048	K00057	K00014	K00036	K00016
K00024	K00024	K00052	K00058	K00016	K00052	K00018
K00029	K00033	K00053	K00059	K00027	K00053	K00027
K00036	K00036	K00057	K00067	K00031	K00054	K00048
K00053	K00045	K00058	K00074	K00033	K00057	K00052
K00057	K00052	K00059	K00075	K00036	K00059	K00053
K00058	K00053	K00067	K00077	K00052	K00067	K00057
K00059	K00057	K00074	K00088	K00053	K00075	K00059
K00075	K00058	K00075	K00097	K00054	K00088	K00075
K00088	K00059	K00088	K00099	K00057	K00105	K00088
K00094	K00075	K00099	K00133	K00059	K00131	K00099
K00099	K00077	K00100	K00134	K00067	K00133	K00100
K00101	K00088	K00104	K00174	K00075	K00134	K00133
K00111	K00101	K00111	K00175	K00077	K00147	K00134
K00121	K00111	K00133	K00176	K00088	K00158	K00145
K00123	K00121	K00134	K00177	K00105	K00161	K00147
K00124	K00128	K00243	K00179	K00133	K00162	K00156
K00127	K00134	K00244	K00180	K00134	K00215	K00174
K00133	K00135	K00248	K00215	K00145	K00226	K00175
K00134	K00140	K00260	K00226	K00147	K00243	K00198
K00140	K00145	K00278	K00231	K00158	K00259	K00215
K00147	K00147	K00287	K00239	K00161	K00262	K00220
K00163	K00148	K00297	K00240	K00162	K00286	K00231
K00164	K00163	K00358	K00241	K00215	K00287	K00239
K00208	K00164	K00359	K00243	K00226	K00290	K00240
K00215	K00230	K00375	K00248	K00243	K00297	K00243
K00230	K00239	K00381	K00257	K00259	K00358	K00261
K00244	K00240	K00384	K00262	K00262	K00364	K00266
K00245	K00241	K00385	K00266	K00286	K00382	K00284
K00246	K00254	K00432	K00275	K00287	K00383	K00286
K00247	K00261	K00459	K00278	K00297	K00384	K00287
K00254	K00262	K00520	K00281	K00355	K00432	K00313
K00262	K00286	K00525	K00287	K00356	K00525	K00336
K00275	K00297	K00526	K00290	K00364	K00526	K00364
K00286	K00299	K00527	K00294	K00382	K00527	K00366
K00287	K00330	K00537	K00324	K00383	K00537	K00370
K00297	K00331	K00540	K00325	K00384	K00540	K00371
K00324	K00332	K00548	K00346	K00432	K00549	K00373
K00325	K00333	K00554	K00347	K00520	K00554	K00374
K00346	K00334	K00558	K00348	K00525	K00558	K00382
K00347	K00335	K00560	K00349	K00526	K00560	K00425
K00348	K00337	K00564	K00350	K00527	K00563	K00426
K00349	K00338	K00566	K00351	K00537	K00564	K00525
K00350	K00339	K00567	K00358	K00540	K00566	K00526
K00351	K00340	K00588	K00382	K00549	K00567	K00527
K00358	K00341	K00599	K00384	K00554	K00571	K00537
K00382	K00342	K00602	K00425	K00558	K00599	K00540
K00383	K00343	K00603	K00426	K00560	K00600	K00547
K00384	K00344	K00604	K00525	K00563	K00602	K00548
K00425	K00370	K00609	K00527	K00564	K00604	K00554
K00426	K00373	K00615	K00528	K00566	K00609	K00560
K00428	K00374	K00625	K00540	K00567	K00615	K00566
K00525	K00382	K00626	K00554	K00571	K00625	K00567
K00526	K00384	K00640	K00560	K00590	K00626	K00574
K00527	K00390	K00645	K00566	K00599	K00627	K00600
K00528	K00392	K00648	K00567	K00600	K00640	K00602
K00537	K00425	K00651	K00595	K00602	K00645	K00604
K00540	K00426	K00652	K00599	K00603	K00648	K00609
K00549	K00520	K00656	K00600	K00604	K00651	K00611
K00554	K00526	K00676	K00602	K00609	K00655	K00615
K00557	K00527	K00677	K00603	K00611	K00656	K00616
K00560	K00528	K00680	K00604	K00620	K00661	K00625
K00564	K00547	K00688	K00605	K00625	K00674	K00626
K00566	K00554	K00700	K00606	K00627	K00676	K00639
K00567	K00558	K00703	K00609	K00640	K00687	K00640
K00600	K00560	K00705	K00610	K00645	K00688	K00645
K00611	K00566	K00720	K00615	K00648	K00689	K00648
K00615	K00567	K00721	K00616	K00651	K00700	K00651
K00616	K00599	K00748	K00625	K00655	K00703	K00655
K00626	K00600	K00754	K00639	K00656	K00705	K00656
K00627	K00604	K00759	K00640	K00661	K00712	K00677
K00631	K00605	K00760	K00645	K00674	K00756	K00721
K00640	K00606	K00761	K00648	K00676	K00759	K00748
K00641	K00609	K00762	K00652	K00687	K00760	K00756
K00645	K00611	K00763	K00655	K00688	K00761	K00760
K00647	K00613	K00764	K00657	K00689	K00762	K00761
K00648	K00616	K00767	K00677	K00700	K00763	K00762
K00652	K00619	K00768	K00688	K00703	K00764	K00763
K00655	K00620	K00773	K00700	K00705	K00766	K00764
K00656	K00640	K00783	K00703	K00712	K00773	K00766
K00658	K00655	K00788	K00705	K00756	K00783	K00768
K00661	K00656	K00789	K00721	K00759	K00784	K00772
K00674	K00661	K00790	K00748	K00760	K00788	K00773
K00677	K00674	K00791	K00757	K00761	K00789	K00782
K00681	K00688	K00793	K00760	K00762	K00790	K00783
K00688	K00692	K00794	K00761	K00763	K00791	K00789
K00700	K00700	K00796	K00762	K00764	K00796	K00790
K00703	K00705	K00798	K00763	K00765	K00797	K00791
K00705	K00721	K00800	K00764	K00766	K00800	K00793
K00748	K00752	K00805	K00767	K00773	K00806	K00794
K00757	K00758	K00806	K00768	K00783	K00820	K00796
K00759	K00759	K00812	K00773	K00784	K00826	K00797
K00760	K00760	K00820	K00782	K00789	K00841	K00798
K00761	K00761	K00826	K00783	K00790	K00845	K00800
K00762	K00764	K00832	K00784	K00791	K00847	K00806
K00763	K00765	K00833	K00788	K00796	K00849	K00812
K00766	K00766	K00837	K00789	K00800	K00850	K00817
K00769	K00782	K00842	K00790	K00806	K00857	K00820
K00773	K00789	K00845	K00791	K00817	K00858	K00821
K00783	K00790	K00849	K00793	K00818	K00859	K00824
K00789	K00793	K00850	K00794	K00820	K00864	K00826
K00790	K00797	K00858	K00796	K00826	K00865	K00832
K00791	K00805	K00859	K00800	K00841	K00867	K00833
K00793	K00806	K00860	K00806	K00845	K00868	K00850
K00794	K00817	K00864	K00819	K00847	K00869	K00852
K00795	K00818	K00870	K00826	K00849	K00872	K00858
K00796	K00820	K00872	K00831	K00850	K00873	K00859
K00799	K00826	K00873	K00833	K00857	K00876	K00868
K00800	K00831	K00882	K00845	K00858	K00878	K00872
K00806	K00845	K00891	K00849	K00859	K00882	K00873
K00813	K00847	K00912	K00857	K00864	K00891	K00882
K00817	K00848	K00919	K00858	K00865	K00901	K00891
K00820	K00849	K00925	K00859	K00867	K00917	K00912
K00826	K00850	K00927	K00865	K00868	K00925	K00919
K00831	K00852	K00928	K00876	K00869	K00927	K00925
K00833	K00857	K00936	K00891	K00872	K00928	K00927
K00849	K00858	K00939	K00895	K00873	K00931	K00928
K00850	K00859	K00941	K00912	K00876	K00936	K00930
K00851	K00864	K00942	K00919	K00882	K00938	K00931
K00852	K00865	K00943	K00925	K00891	K00939	K00936
K00854	K00867	K00945	K00927	K00897	K00940	K00937
K00857	K00868	K00948	K00928	K00901	K00941	K00939
K00858	K00869	K00949	K00937	K00917	K00942	K00940
K00859	K00872	K00951	K00939	K00925	K00943	K00941
K00865	K00873	K00954	K00942	K00926	K00945	K00942
K00867	K00886	K00962	K00945	K00927	K00948	K00943
K00868	K00891	K00963	K00946	K00928	K00949	K00945
K00872	K00895	K00965	K00948	K00930	K00951	K00946
K00873	K00925	K00969	K00949	K00931	K00954	K00948
K00874	K00926	K00974	K00950	K00936	K00962	K00950
K00876	K00927	K00975	K00951	K00938	K00963	K00951
K00880	K00930	K00979	K00954	K00939	K00965	K00954
K00882	K00931	K00980	K00962	K00942	K00969	K00962
K00884	K00937	K00981	K00969	K00943	K00973	K00963
K00885	K00938	K00983	K00970	K00945	K00974	K00969
K00891	K00939	K00991	K00971	K00948	K00975	K00979
K00901	K00940	K00995	K00973	K00949	K00981	K00981
K00912	K00942	K00997	K00979	K00951	K00991	K00983
K00919	K00945	K01000	K00980	K00954	K00995	K00989
K00925	K00946	K01006	K00981	K00962	K00997	K00991
K00926	K00948	K01012	K00991	K00963	K01000	K00997
K00927	K00951	K01034	K01000	K00965	K01005	K01000
K00931	K00954	K01035	K01006	K00969	K01056	K01007
K00939	K00957	K01039	K01008	K00973	K01060	K01008
K00940	K00962	K01040	K01012	K00974	K01071	K01011
K00941	K00963	K01046	K01034	K00975	K01079	K01012
K00942	K00969	K01056	K01035	K00981	K01081	K01056
K00943	K00970	K01069	K01056	K00991	K01090	K01057
K00945	K00973	K01095	K01070	K00995	K01091	K01090
K00946	K00975	K01101	K01077	K00997	K01092	K01091
K00948	K00980	K01121	K01079	K01000	K01101	K01104
K00950	K00981	K01126	K01104	K01006	K01104	K01129
K00951	K00982	K01139	K01119	K01007	K01126	K01142
K00954	K00989	K01142	K01129	K01056	K01142	K01151
K00962	K00995	K01153	K01142	K01069	K01155	K01153
K00963	K00997	K01154	K01144	K01071	K01176	K01154
K00965	K01000	K01157	K01155	K01079	K01186	K01159
K00970	K01004	K01159	K01159	K01081	K01190	K01163
K00971	K01056	K01163	K01163	K01090	K01191	K01207
K00974	K01057	K01193	K01185	K01091	K01193	K01246
K00975	K01079	K01243	K01186	K01092	K01200	K01251
K00979	K01081	K01246	K01190	K01101	K01206	K01258
K00981	K01090	K01255	K01192	K01104	K01215	K01265
K00982	K01104	K01258	K01206	K01126	K01220	K01267
K00989	K01126	K01259	K01241	K01142	K01223	K01269
K00990	K01129	K01262	K01243	K01153	K01226	K01270
K00991	K01153	K01265	K01258	K01154	K01227	K01271
K00995	K01154	K01267	K01262	K01176	K01234	K01273
K00996	K01176	K01269	K01265	K01190	K01243	K01297
K00998	K01182	K01270	K01270	K01191	K01246	K01304
K01000	K01186	K01271	K01277	K01193	K01256	K01338
K01008	K01187	K01299	K01278	K01200	K01258	K01356
K01012	K01193	K01303	K01284	K01206	K01261	K01358
K01034	K01207	K01304	K01338	K01220	K01262	K01409
K01035	K01212	K01338	K01358	K01223	K01265	K01420
K01042	K01223	K01356	K01362	K01226	K01269	K01424
K01056	K01236	K01358	K01372	K01234	K01271	K01436
K01057	K01256	K01362	K01409	K01243	K01274	K01448
K01069	K01259	K01409	K01420	K01246	K01281	K01462
K01070	K01262	K01417	K01422	K01256	K01358	K01465
K01079	K01265	K01420	K01424	K01258	K01361	K01489
K01081	K01356	K01422	K01447	K01261	K01362	K01491
K01082	K01358	K01424	K01448	K01262	K01372	K01493
K01091	K01372	K01425	K01462	K01265	K01390	K01495
K01092	K01409	K01436	K01465	K01269	K01409	K01496
K01095	K01417	K01439	K01468	K01271	K01417	K01515
K01096	K01424	K01443	K01489	K01274	K01421	K01520
K01104	K01433	K01448	K01491	K01281	K01424	K01523
K01118	K01462	K01452	K01493	K01286	K01439	K01524
K01119	K01463	K01462	K01495	K01358	K01443	K01534
K01126	K01465	K01463	K01520	K01361	K01462	K01571
K01129	K01478	K01465	K01524	K01362	K01465	K01579
K01139	K01488	K01468	K01533	K01372	K01467	K01581
K01141	K01489	K01479	K01537	K01409	K01489	K01582
K01142	K01491	K01491	K01572	K01417	K01491	K01586
K01147	K01494	K01493	K01579	K01421	K01493	K01588
K01153	K01495	K01495	K01586	K01424	K01495	K01591
K01159	K01496	K01507	K01588	K01436	K01512	K01599
K01166	K01507	K01515	K01591	K01439	K01515	K01601
K01175	K01512	K01520	K01610	K01443	K01520	K01607
K01176	K01515	K01524	K01613	K01462	K01531	K01610
K01187	K01523	K01534	K01619	K01463	K01537	K01611
K01190	K01552	K01537	K01620	K01465	K01541	K01613
K01207	K01560	K01567	K01623	K01467	K01552	K01615
K01243	K01579	K01571	K01627	K01468	K01575	K01619
K01246	K01586	K01572	K01633	K01478	K01582	K01624
K01255	K01588	K01580	K01658	K01479	K01586	K01627
K01256	K01591	K01581	K01662	K01489	K01588	K01633
K01258	K01596	K01588	K01665	K01491	K01589	K01643
K01262	K01607	K01591	K01667	K01493	K01591	K01644
K01265	K01609	K01610	K01673	K01495	K01595	K01646
K01270	K01611	K01613	K01676	K01496	K01597	K01649
K01338	K01619	K01615	K01689	K01512	K01598	K01652
K01356	K01624	K01620	K01710	K01515	K01599	K01653
K01358	K01626	K01623	K01711	K01520	K01609	K01654
K01409	K01628	K01627	K01712	K01523	K01619	K01657
K01414	K01647	K01643	K01714	K01531	K01624	K01658
K01419	K01649	K01644	K01715	K01537	K01626	K01661
K01420	K01652	K01646	K01719	K01552	K01635	K01662
K01424	K01653	K01649	K01735	K01575	K01639	K01673
K01433	K01657	K01652	K01736	K01586	K01641	K01677
K01439	K01658	K01653	K01737	K01588	K01649	K01678
K01443	K01662	K01654	K01744	K01589	K01652	K01679
K01448	K01673	K01662	K01745	K01591	K01653	K01687
K01460	K01679	K01664	K01752	K01595	K01657	K01689
K01462	K01681	K01665	K01756	K01597	K01658	K01693
K01489	K01687	K01667	K01759	K01598	K01673	K01695
K01491	K01689	K01668	K01761	K01609	K01687	K01696
K01494	K01693	K01687	K01770	K01610	K01689	K01698
K01495	K01695	K01689	K01772	K01613	K01695	K01703
K01497	K01696	K01696	K01775	K01619	K01696	K01704
K01507	K01698	K01698	K01776	K01624	K01703	K01714
K01512	K01703	K01703	K01783	K01626	K01704	K01733
K01515	K01704	K01704	K01784	K01635	K01710	K01735
K01520	K01710	K01710	K01785	K01636	K01714	K01736
K01524	K01714	K01712	K01790	K01639	K01733	K01737
K01525	K01733	K01713	K01791	K01641	K01735	K01738
K01560	K01735	K01715	K01802	K01647	K01736	K01740
K01571	K01738	K01726	K01803	K01649	K01737	K01744
K01572	K01739	K01733	K01808	K01652	K01738	K01746
K01573	K01740	K01736	K01809	K01653	K01739	K01749
K01586	K01744	K01738	K01810	K01657	K01740	K01752
K01591	K01752	K01739	K01834	K01658	K01752	K01754
K01599	K01754	K01740	K01835	K01673	K01754	K01755
K01610	K01755	K01745	K01840	K01681	K01755	K01756
K01613	K01759	K01746	K01843	K01687	K01756	K01759
K01619	K01768	K01749	K01844	K01689	K01759	K01760
K01624	K01772	K01751	K01847	K01693	K01772	K01772
K01625	K01776	K01752	K01866	K01695	K01775	K01775
K01626	K01778	K01754	K01867	K01696	K01776	K01776
K01627	K01784	K01756	K01868	K01703	K01783	K01778
K01633	K01788	K01759	K01869	K01704	K01784	K01783
K01635	K01791	K01761	K01870	K01710	K01785	K01784
K01639	K01792	K01770	K01872	K01712	K01788	K01791
K01643	K01802	K01775	K01873	K01714	K01790	K01803
K01644	K01803	K01776	K01874	K01733	K01791	K01808
K01646	K01808	K01779	K01875	K01735	K01803	K01810
K01652	K01809	K01783	K01876	K01736	K01807	K01814
K01657	K01810	K01784	K01880	K01738	K01809	K01821
K01658	K01817	K01785	K01881	K01739	K01810	K01835
K01661	K01818	K01788	K01883	K01740	K01817	K01839
K01662	K01823	K01790	K01885	K01745	K01819	K01845
K01664	K01834	K01791	K01886	K01746	K01821	K01847
K01665	K01835	K01802	K01887	K01752	K01823	K01848
K01668	K01840	K01803	K01889	K01754	K01834	K01849
K01673	K01845	K01808	K01890	K01755	K01835	K01866
K01679	K01866	K01810	K01892	K01756	K01839	K01867
K01686	K01867	K01834	K01893	K01759	K01854	K01868
K01689	K01868	K01835	K01897	K01772	K01866	K01869
K01695	K01869	K01838	K01912	K01775	K01867	K01870
K01696	K01870	K01843	K01918	K01776	K01868	K01872
K01698	K01872	K01844	K01921	K01783	K01869	K01873
K01710	K01873	K01845	K01923	K01784	K01870	K01874
K01711	K01874	K01846	K01924	K01785	K01872	K01875
K01714	K01875	K01866	K01925	K01788	K01873	K01876
K01716	K01876	K01867	K01926	K01790	K01874	K01878
K01719	K01880	K01868	K01928	K01803	K01875	K01879
K01733	K01881	K01869	K01929	K01807	K01876	K01881
K01734	K01885	K01870	K01933	K01809	K01878	K01883
K01735	K01887	K01872	K01934	K01810	K01879	K01885
K01736	K01889	K01873	K01935	K01814	K01881	K01886
K01737	K01890	K01874	K01937	K01817	K01883	K01887
K01738	K01892	K01875	K01938	K01819	K01887	K01889
K01739	K01897	K01876	K01939	K01821	K01889	K01890
K01744	K01902	K01878	K01945	K01823	K01890	K01892
K01749	K01915	K01879	K01950	K01834	K01892	K01897
K01752	K01918	K01881	K01951	K01835	K01893	K01906
K01755	K01921	K01883	K01952	K01839	K01914	K01911
K01756	K01923	K01884	K01953	K01866	K01915	K01915
K01759	K01928	K01885	K01955	K01867	K01916	K01916
K01760	K01929	K01887	K01956	K01868	K01921	K01917
K01766	K01933	K01889	K01960	K01869	K01922	K01918
K01772	K01934	K01890	K01972	K01870	K01923	K01921
K01775	K01938	K01892	K01990	K01872	K01924	K01923
K01776	K01939	K01893	K01991	K01873	K01925	K01924
K01778	K01940	K01897	K01992	K01874	K01926	K01925
K01783	K01945	K01910	K01993	K01875	K01928	K01928
K01784	K01951	K01914	K01995	K01876	K01929	K01929
K01785	K01952	K01915	K01997	K01878	K01933	K01933
K01786	K01953	K01916	K01998	K01879	K01934	K01934
K01788	K01955	K01921	K01999	K01881	K01937	K01935
K01792	K01956	K01923	K02003	K01883	K01938	K01937
K01803	K01972	K01924	K02004	K01887	K01939	K01938
K01805	K01990	K01925	K02005	K01889	K01940	K01939
K01807	K01992	K01928	K02013	K01890	K01945	K01940
K01809	K02000	K01929	K02014	K01892	K01951	K01945
K01810	K02001	K01933	K02015	K01893	K01952	K01951
K01812	K02002	K01934	K02016	K01915	K01955	K01952
K01816	K02003	K01935	K02049	K01916	K01956	K01955
K01834	K02004	K01938	K02050	K01919	K01961	K01956
K01840	K02013	K01939	K02051	K01921	K01962	K01958
K01845	K02015	K01945	K02065	K01922	K01963	K01972
K01866	K02016	K01951	K02066	K01923	K01972	K01989
K01867	K02020	K01952	K02067	K01924	K01989	K01991
K01868	K02025	K01955	K02078	K01925	K01990	K01995
K01869	K02026	K01956	K02117	K01926	K01992	K01996
K01870	K02027	K01962	K02118	K01928	K01995	K01997
K01872	K02028	K01963	K02120	K01929	K01996	K01998
K01873	K02029	K01972	K02121	K01933	K01997	K01999
K01874	K02030	K01989	K02123	K01934	K01998	K02003
K01875	K02032	K01990	K02124	K01937	K01999	K02004
K01876	K02033	K01992	K02169	K01938	K02003	K02012
K01878	K02034	K01995	K02188	K01939	K02004	K02013
K01879	K02035	K01996	K02190	K01940	K02005	K02014
K01881	K02036	K01997	K02217	K01945	K02010	K02015
K01883	K02037	K01998	K02224	K01951	K02011	K02016
K01886	K02038	K01999	K02226	K01952	K02012	K02017
K01887	K02040	K02003	K02227	K01955	K02013	K02018
K01889	K02049	K02004	K02230	K01956	K02015	K02020
K01890	K02050	K02009	K02231	K01961	K02016	K02028
K01892	K02051	K02010	K02232	K01962	K02025	K02029
K01893	K02056	K02011	K02233	K01963	K02026	K02030
K01897	K02057	K02012	K02238	K01972	K02027	K02031
K01902	K02064	K02013	K02313	K01989	K02028	K02032
K01903	K02071	K02014	K02314	K01990	K02029	K02033
K01910	K02072	K02015	K02316	K01992	K02030	K02034
K01911	K02073	K02016	K02335	K01995	K02035	K02035
K01914	K02075	K02028	K02337	K01996	K02036	K02049
K01915	K02077	K02029	K02338	K01997	K02037	K02050
K01919	K02078	K02030	K02340	K01998	K02038	K02051
K01921	K02081	K02031	K02341	K01999	K02039	K02065
K01924	K02108	K02032	K02342	K02003	K02040	K02066
K01925	K02109	K02033	K02343	K02004	K02056	K02067
K01928	K02110	K02034	K02355	K02005	K02057	K02071
K01929	K02111	K02035	K02356	K02013	K02071	K02072
K01933	K02112	K02041	K02357	K02015	K02072	K02073
K01934	K02113	K02044	K02358	K02016	K02073	K02078
K01935	K02114	K02049	K02371	K02025	K02078	K02108
K01937	K02115	K02050	K02377	K02026	K02082	K02109
K01939	K02168	K02051	K02426	K02027	K02086	K02110
K01940	K02221	K02056	K02428	K02028	K02108	K02111
K01951	K02237	K02057	K02429	K02029	K02109	K02112
K01961	K02238	K02071	K02437	K02030	K02110	K02113
K01962	K02283	K02072	K02469	K02035	K02111	K02114
K01963	K02313	K02073	K02470	K02036	K02112	K02115
K01971	K02314	K02077	K02472	K02037	K02113	K02188
K01972	K02335	K02078	K02474	K02038	K02114	K02189
K01992	K02337	K02106	K02481	K02039	K02115	K02190
K01993	K02338	K02107	K02493	K02040	K02160	K02191
K02003	K02342	K02108	K02495	K02056	K02221	K02224
K02004	K02346	K02109	K02503	K02057	K02236	K02226
K02006	K02355	K02110	K02517	K02071	K02237	K02227
K02007	K02356	K02111	K02518	K02072	K02238	K02230
K02010	K02357	K02112	K02519	K02073	K02240	K02231
K02011	K02358	K02113	K02520	K02078	K02242	K02232
K02012	K02428	K02114	K02523	K02082	K02243	K02233
K02013	K02429	K02115	K02527	K02086	K02244	K02237
K02014	K02431	K02116	K02528	K02107	K02245	K02238
K02015	K02433	K02117	K02536	K02108	K02246	K02304
K02016	K02434	K02118	K02548	K02109	K02248	K02313
K02017	K02435	K02119	K02563	K02110	K02313	K02314
K02018	K02437	K02120	K02564	K02111	K02314	K02316
K02019	K02438	K02121	K02600	K02112	K02316	K02335
K02020	K02440	K02122	K02601	K02113	K02335	K02337
K02024	K02469	K02123	K02619	K02114	K02337	K02338
K02035	K02470	K02124	K02621	K02115	K02338	K02340
K02053	K02472	K02169	K02622	K02117	K02340	K02341
K02054	K02483	K02188	K02626	K02118	K02341	K02342
K02055	K02484	K02189	K02687	K02119	K02342	K02343
K02062	K02493	K02190	K02823	K02120	K02343	K02346
K02063	K02495	K02191	K02824	K02121	K02346	K02355
K02064	K02500	K02204	K02834	K02122	K02355	K02356
K02065	K02501	K02221	K02835	K02123	K02356	K02357
K02066	K02518	K02224	K02836	K02124	K02357	K02358
K02067	K02520	K02226	K02837	K02160	K02358	K02371
K02071	K02529	K02227	K02838	K02221	K02371	K02372
K02072	K02548	K02231	K02852	K02236	K02372	K02428
K02073	K02549	K02232	K02860	K02237	K02428	K02433
K02078	K02552	K02233	K02863	K02238	K02433	K02434
K02106	K02563	K02237	K02864	K02240	K02434	K02435
K02108	K02564	K02238	K02867	K02242	K02435	K02446
K02109	K02575	K02242	K02871	K02243	K02440	K02453
K02110	K02600	K02304	K02874	K02244	K02469	K02454
K02111	K02601	K02314	K02876	K02245	K02470	K02469
K02112	K02757	K02316	K02878	K02246	K02493	K02470
K02113	K02770	K02334	K02879	K02248	K02495	K02492
K02114	K02777	K02335	K02881	K02313	K02503	K02493
K02115	K02793	K02337	K02884	K02314	K02518	K02495
K02116	K02795	K02338	K02886	K02316	K02519	K02499
K02160	K02796	K02340	K02887	K02335	K02520	K02500
K02169	K02803	K02341	K02888	K02337	K02528	K02501
K02193	K02810	K02343	K02890	K02338	K02529	K02502
K02194	K02834	K02346	K02892	K02340	K02530	K02503
K02195	K02836	K02355	K02895	K02341	K02531	K02517
K02196	K02838	K02356	K02897	K02343	K02563	K02518
K02197	K02851	K02357	K02899	K02346	K02564	K02519
K02198	K02860	K02358	K02902	K02355	K02600	K02520
K02199	K02863	K02371	K02904	K02356	K02601	K02523
K02200	K02864	K02372	K02906	K02357	K02614	K02527
K02217	K02867	K02433	K02907	K02358	K02621	K02528
K02221	K02871	K02434	K02909	K02371	K02622	K02535
K02237	K02874	K02435	K02911	K02372	K02687	K02536
K02238	K02876	K02438	K02913	K02428	K02770	K02548
K02278	K02878	K02440	K02914	K02433	K02773	K02549
K02279	K02879	K02443	K02916	K02434	K02774	K02551
K02280	K02881	K02446	K02919	K02435	K02775	K02552
K02282	K02884	K02453	K02926	K02440	K02779	K02563
K02283	K02886	K02455	K02931	K02469	K02786	K02575
K02313	K02887	K02456	K02933	K02470	K02788	K02600
K02314	K02888	K02469	K02935	K02493	K02793	K02601
K02316	K02890	K02470	K02939	K02495	K02794	K02614
K02335	K02892	K02477	K02945	K02500	K02795	K02650
K02337	K02895	K02478	K02946	K02501	K02796	K02653
K02338	K02897	K02481	K02948	K02502	K02810	K02654
K02339	K02899	K02483	K02950	K02503	K02819	K02669
K02340	K02902	K02492	K02952	K02518	K02823	K02687
K02341	K02904	K02493	K02954	K02519	K02824	K02770
K02342	K02906	K02495	K02956	K02520	K02825	K02821
K02343	K02907	K02503	K02959	K02528	K02834	K02822
K02344	K02909	K02517	K02961	K02529	K02835	K02823
K02346	K02911	K02518	K02963	K02530	K02836	K02824
K02355	K02913	K02519	K02965	K02531	K02837	K02825
K02356	K02914	K02520	K02967	K02532	K02838	K02834
K02357	K02916	K02527	K02968	K02563	K02860	K02835
K02358	K02919	K02528	K02970	K02564	K02863	K02836
K02372	K02931	K02535	K02982	K02600	K02864	K02837
K02379	K02933	K02536	K02986	K02601	K02867	K02838
K02380	K02935	K02557	K02988	K02614	K02871	K02841
K02424	K02939	K02563	K02990	K02621	K02874	K02843
K02426	K02945	K02564	K02992	K02622	K02876	K02851
K02427	K02946	K02566	K02994	K02687	K02878	K02860
K02428	K02948	K02600	K02996	K02744	K02879	K02863
K02436	K02950	K02601	K03040	K02757	K02881	K02864
K02438	K02952	K02619	K03043	K02759	K02884	K02867
K02439	K02954	K02652	K03046	K02760	K02886	K02871
K02441	K02956	K02654	K03070	K02761	K02887	K02874
K02444	K02959	K02669	K03073	K02770	K02888	K02876
K02445	K02961	K02687	K03075	K02771	K02890	K02878
K02446	K02963	K02768	K03076	K02773	K02892	K02879
K02469	K02965	K02770	K03086	K02774	K02895	K02881
K02470	K02967	K02777	K03088	K02775	K02899	K02884
K02471	K02968	K02784	K03092	K02779	K02902	K02886
K02492	K02982	K02804	K03100	K02786	K02904	K02887
K02493	K02986	K02806	K03101	K02788	K02906	K02888
K02494	K02988	K02823	K03106	K02793	K02907	K02890
K02495	K02990	K02824	K03110	K02794	K02909	K02892
K02496	K02992	K02825	K03111	K02795	K02911	K02895
K02498	K02994	K02834	K03113	K02796	K02913	K02899
K02503	K02996	K02835	K03147	K02810	K02914	K02904
K02504	K03040	K02836	K03149	K02819	K02916	K02906
K02505	K03043	K02838	K03150	K02822	K02926	K02907
K02506	K03046	K02843	K03152	K02823	K02931	K02909
K02507	K03060	K02850	K03154	K02824	K02933	K02911
K02517	K03070	K02860	K03168	K02825	K02935	K02913
K02518	K03072	K02863	K03169	K02834	K02939	K02914
K02519	K03073	K02864	K03177	K02835	K02945	K02916
K02520	K03074	K02867	K03183	K02836	K02946	K02919
K02521	K03075	K02871	K03210	K02837	K02948	K02926
K02523	K03076	K02874	K03215	K02838	K02950	K02931
K02527	K03088	K02876	K03217	K02851	K02952	K02933
K02528	K03100	K02878	K03218	K02860	K02954	K02935
K02529	K03101	K02879	K03269	K02863	K02956	K02939
K02535	K03110	K02881	K03270	K02864	K02959	K02946
K02536	K03111	K02884	K03281	K02867	K02961	K02948
K02548	K03116	K02886	K03282	K02871	K02963	K02950
K02549	K03117	K02887	K03284	K02874	K02965	K02952
K02551	K03118	K02888	K03296	K02876	K02967	K02954
K02552	K03183	K02890	K03303	K02878	K02968	K02956
K02553	K03210	K02892	K03305	K02879	K02970	K02959
K02558	K03212	K02895	K03313	K02881	K02982	K02961
K02560	K03216	K02899	K03321	K02884	K02986	K02963
K02562	K03217	K02902	K03327	K02886	K02988	K02965
K02563	K03281	K02904	K03340	K02887	K02990	K02967
K02564	K03282	K02906	K03385	K02888	K02992	K02968
K02565	K03286	K02907	K03386	K02890	K02994	K02970
K02567	K03293	K02909	K03387	K02892	K02996	K02982
K02568	K03297	K02911	K03394	K02895	K03040	K02986
K02569	K03303	K02913	K03402	K02899	K03043	K02988
K02570	K03305	K02914	K03424	K02902	K03046	K02990
K02573	K03306	K02916	K03437	K02904	K03048	K02992
K02574	K03307	K02919	K03438	K02906	K03060	K02994
K02600	K03308	K02926	K03439	K02907	K03070	K02996
K02601	K03310	K02931	K03442	K02909	K03073	K03040
K02619	K03311	K02933	K03453	K02911	K03075	K03043
K02621	K03316	K02935	K03466	K02913	K03076	K03046
K02622	K03335	K02939	K03469	K02914	K03086	K03060
K02647	K03336	K02946	K03470	K02916	K03095	K03070
K02651	K03337	K02948	K03473	K02919	K03100	K03072
K02656	K03338	K02950	K03474	K02926	K03101	K03073
K02679	K03340	K02952	K03495	K02931	K03106	K03074
K02680	K03386	K02954	K03496	K02933	K03110	K03075
K02681	K03402	K02956	K03497	K02935	K03111	K03076
K02682	K03424	K02959	K03498	K02939	K03151	K03086
K02686	K03427	K02961	K03499	K02945	K03152	K03091
K02687	K03431	K02963	K03501	K02946	K03168	K03100
K02742	K03437	K02965	K03502	K02948	K03177	K03101
K02770	K03438	K02967	K03503	K02950	K03205	K03106
K02777	K03439	K02968	K03517	K02952	K03210	K03110
K02779	K03449	K02982	K03521	K02954	K03215	K03111
K02784	K03453	K02986	K03522	K02956	K03216	K03116
K02794	K03466	K02988	K03524	K02959	K03217	K03118
K02795	K03469	K02990	K03525	K02961	K03218	K03147
K02796	K03470	K02992	K03526	K02963	K03282	K03150
K02800	K03484	K02994	K03527	K02965	K03284	K03168
K02804	K03496	K02996	K03530	K02967	K03294	K03169
K02806	K03497	K03040	K03531	K02968	K03308	K03177
K02821	K03499	K03043	K03536	K02970	K03310	K03183
K02822	K03501	K03046	K03544	K02982	K03311	K03210
K02824	K03521	K03060	K03545	K02986	K03316	K03215
K02825	K03523	K03070	K03550	K02988	K03322	K03216
K02834	K03524	K03072	K03551	K02990	K03324	K03217
K02835	K03526	K03073	K03553	K02992	K03327	K03218
K02836	K03527	K03074	K03555	K02994	K03342	K03270
K02837	K03530	K03075	K03558	K02996	K03346	K03271
K02838	K03531	K03076	K03559	K03040	K03367	K03272
K02843	K03536	K03086	K03561	K03043	K03402	K03273
K02851	K03544	K03088	K03564	K03046	K03424	K03274
K02858	K03545	K03091	K03565	K03048	K03429	K03282
K02860	K03550	K03092	K03569	K03060	K03431	K03284
K02863	K03551	K03100	K03570	K03070	K03436	K03296
K02864	K03553	K03101	K03572	K03073	K03437	K03303
K02867	K03564	K03106	K03575	K03075	K03438	K03306
K02871	K03565	K03110	K03584	K03076	K03439	K03310
K02874	K03574	K03111	K03587	K03086	K03442	K03311
K02876	K03584	K03147	K03588	K03095	K03449	K03312
K02878	K03587	K03148	K03589	K03100	K03466	K03313
K02879	K03588	K03149	K03590	K03101	K03470	K03315
K02881	K03589	K03150	K03593	K03106	K03471	K03319
K02884	K03593	K03152	K03595	K03110	K03484	K03320
K02886	K03595	K03154	K03596	K03111	K03486	K03322
K02887	K03596	K03168	K03601	K03116	K03495	K03326
K02888	K03624	K03169	K03602	K03118	K03497	K03327
K02890	K03625	K03177	K03612	K03151	K03498	K03328
K02892	K03635	K03195	K03613	K03152	K03499	K03340
K02895	K03637	K03196	K03614	K03168	K03500	K03386
K02897	K03639	K03197	K03615	K03177	K03501	K03389
K02899	K03644	K03199	K03617	K03179	K03523	K03394
K02902	K03647	K03200	K03624	K03210	K03524	K03399
K02904	K03648	K03204	K03625	K03215	K03529	K03402
K02906	K03652	K03205	K03628	K03216	K03530	K03404
K02909	K03654	K03210	K03629	K03217	K03531	K03424
K02911	K03655	K03215	K03630	K03218	K03536	K03427
K02913	K03657	K03216	K03631	K03282	K03544	K03429
K02914	K03664	K03217	K03640	K03284	K03545	K03431
K02919	K03671	K03218	K03644	K03294	K03550	K03437
K02926	K03684	K03270	K03648	K03309	K03551	K03438
K02931	K03685	K03271	K03650	K03311	K03553	K03439
K02933	K03686	K03274	K03654	K03322	K03555	K03442
K02935	K03687	K03282	K03655	K03324	K03565	K03453
K02939	K03696	K03284	K03657	K03327	K03570	K03458
K02945	K03701	K03286	K03664	K03332	K03571	K03466
K02946	K03702	K03287	K03665	K03342	K03572	K03469
K02948	K03703	K03292	K03671	K03346	K03574	K03470
K02950	K03709	K03294	K03685	K03366	K03575	K03475
K02952	K03710	K03296	K03686	K03367	K03581	K03495
K02954	K03711	K03307	K03687	K03402	K03584	K03496
K02956	K03727	K03308	K03695	K03424	K03588	K03497
K02959	K03733	K03310	K03696	K03427	K03589	K03498
K02961	K03743	K03311	K03701	K03429	K03590	K03499
K02963	K03762	K03312	K03702	K03431	K03595	K03500
K02965	K03767	K03315	K03703	K03436	K03596	K03501
K02967	K03776	K03324	K03709	K03437	K03601	K03502
K02968	K03781	K03386	K03711	K03438	K03602	K03518
K02970	K03783	K03394	K03718	K03439	K03621	K03521
K02982	K03784	K03399	K03723	K03442	K03624	K03522
K02986	K03789	K03423	K03733	K03449	K03625	K03523
K02988	K03790	K03424	K03734	K03466	K03629	K03524
K02990	K03799	K03427	K03737	K03470	K03630	K03525
K02992	K03801	K03431	K03743	K03471	K03631	K03526
K02994	K03820	K03436	K03744	K03475	K03647	K03527
K02996	K03892	K03437	K03768	K03484	K03648	K03529
K03040	K03924	K03438	K03770	K03486	K03650	K03530
K03043	K03925	K03442	K03771	K03488	K03655	K03531
K03046	K03969	K03469	K03772	K03491	K03657	K03536
K03060	K03975	K03470	K03773	K03495	K03664	K03544
K03070	K03977	K03495	K03775	K03497	K03665	K03545
K03071	K03979	K03498	K03783	K03498	K03671	K03546
K03072	K03980	K03499	K03786	K03499	K03685	K03547
K03073	K04043	K03500	K03787	K03500	K03686	K03550
K03074	K04066	K03501	K03797	K03501	K03687	K03551
K03075	K04069	K03517	K03798	K03502	K03693	K03553
K03076	K04077	K03521	K03801	K03523	K03696	K03555
K03078	K04078	K03522	K03803	K03524	K03697	K03559
K03082	K04092	K03523	K03811	K03529	K03698	K03561
K03086	K04096	K03524	K03816	K03530	K03699	K03565
K03088	K04488	K03525	K03832	K03531	K03700	K03569
K03089	K04518	K03526	K03839	K03536	K03701	K03570
K03100	K04561	K03527	K03924	K03544	K03702	K03571
K03101	K04564	K03529	K03973	K03545	K03703	K03572
K03106	K04567	K03530	K03976	K03550	K03705	K03574
K03110	K04750	K03531	K03977	K03551	K03706	K03575
K03111	K04756	K03536	K03978	K03553	K03707	K03581
K03113	K04759	K03544	K03979	K03555	K03708	K03585
K03116	K04761	K03545	K04041	K03565	K03709	K03587
K03117	K04762	K03546	K04043	K03570	K03710	K03588
K03118	K04763	K03550	K04047	K03572	K03713	K03589
K03151	K05341	K03551	K04066	K03574	K03722	K03595
K03168	K05343	K03553	K04068	K03575	K03723	K03596
K03169	K05349	K03555	K04075	K03577	K03734	K03601
K03177	K05364	K03558	K04077	K03581	K03739	K03602
K03181	K05521	K03559	K04078	K03584	K03740	K03605
K03210	K05595	K03561	K04079	K03588	K03742	K03609
K03212	K05602	K03565	K04084	K03589	K03744	K03618
K03214	K05786	K03569	K04096	K03590	K03763	K03620
K03215	K05794	K03570	K04485	K03595	K03767	K03621
K03216	K05810	K03572	K04516	K03596	K03768	K03624
K03217	K05838	K03584	K04564	K03601	K03783	K03625
K03218	K05845	K03587	K04567	K03602	K03784	K03629
K03269	K05846	K03588	K04720	K03605	K03785	K03630
K03270	K05847	K03589	K04759	K03621	K03789	K03631
K03271	K05878	K03590	K04761	K03624	K03798	K03637
K03272	K05879	K03595	K04762	K03625	K03799	K03638
K03273	K05882	K03596	K04763	K03629	K03800	K03639
K03274	K05896	K03601	K04773	K03630	K03811	K03650
K03282	K06024	K03602	K05366	K03631	K03816	K03654
K03284	K06044	K03608	K05515	K03647	K03828	K03655
K03286	K06048	K03609	K05592	K03648	K03930	K03657
K03297	K06131	K03610	K05595	K03650	K03976	K03664
K03299	K06147	K03612	K05601	K03655	K03977	K03671
K03303	K06153	K03613	K05606	K03657	K03978	K03685
K03306	K06168	K03614	K05807	K03664	K03979	K03686
K03308	K06178	K03615	K05837	K03665	K04042	K03687
K03310	K06180	K03617	K05979	K03671	K04043	K03696
K03311	K06187	K03621	K06041	K03685	K04045	K03699
K03312	K06191	K03625	K06131	K03686	K04047	K03701
K03314	K06200	K03628	K06142	K03687	K04066	K03702
K03315	K06207	K03629	K06147	K03693	K04068	K03703
K03317	K06215	K03630	K06153	K03696	K04069	K03704
K03319	K06217	K03631	K06158	K03697	K04072	K03705
K03321	K06287	K03648	K06168	K03698	K04074	K03708
K03326	K06346	K03650	K06173	K03699	K04075	K03711
K03327	K06860	K03653	K06178	K03700	K04077	K03723
K03335	K06891	K03654	K06180	K03701	K04078	K03737
K03336	K06901	K03655	K06187	K03702	K04083	K03742
K03337	K06902	K03657	K06201	K03703	K04086	K03744
K03338	K06910	K03665	K06207	K03705	K04094	K03750
K03385	K06915	K03671	K06213	K03706	K04096	K03756
K03402	K06925	K03685	K06217	K03708	K04485	K03763
K03424	K06941	K03686	K06223	K03709	K04487	K03768
K03426	K06942	K03687	K06287	K03710	K04488	K03779
K03431	K06958	K03695	K06861	K03713	K04516	K03780
K03435	K06960	K03699	K06872	K03722	K04517	K03785
K03438	K06966	K03701	K06881	K03723	K04518	K03787
K03439	K06976	K03702	K06889	K03734	K04564	K03789
K03446	K06988	K03703	K06890	K03739	K04567	K03797
K03466	K06997	K03704	K06901	K03740	K04767	K03798
K03469	K07009	K03705	K06915	K03742	K05337	K03799
K03470	K07024	K03716	K06917	K03744	K05352	K03816
K03475	K07025	K03722	K06920	K03763	K05362	K03823
K03476	K07029	K03723	K06925	K03767	K05366	K03832
K03477	K07040	K03734	K06926	K03768	K05521	K03855
K03495	K07042	K03735	K06941	K03783	K05592	K03856
K03498	K07052	K03736	K06942	K03784	K05593	K03892
K03499	K07054	K03737	K06949	K03785	K05808	K03925
K03500	K07058	K03742	K06950	K03789	K05823	K03976
K03501	K07062	K03744	K06969	K03798	K05833	K03977
K03524	K07067	K03763	K06997	K03799	K05837	K03978
K03526	K07075	K03768	K07001	K03800	K05846	K03979
K03527	K07082	K03770	K07003	K03811	K05847	K04042
K03528	K07084	K03775	K07005	K03816	K05896	K04043
K03531	K07085	K03778	K07011	K03823	K05985	K04047
K03536	K07088	K03784	K07012	K03828	K06023	K04066
K03543	K07090	K03786	K07024	K03930	K06024	K04068
K03544	K07112	K03789	K07025	K03976	K06131	K04069
K03545	K07114	K03796	K07027	K03977	K06147	K04075
K03548	K07118	K03797	K07029	K03978	K06148	K04077
K03550	K07124	K03798	K07037	K03979	K06153	K04078
K03551	K07132	K03799	K07052	K04041	K06158	K04083
K03553	K07133	K03803	K07054	K04042	K06173	K04086
K03554	K07154	K03832	K07056	K04043	K06178	K04094
K03555	K07164	K03839	K07058	K04047	K06180	K04095
K03556	K07173	K03856	K07071	K04066	K06183	K04096
K03557	K07177	K03892	K07082	K04068	K06187	K04485
K03558	K07183	K03976	K07085	K04069	K06188	K04486
K03559	K07214	K03977	K07090	K04072	K06191	K04488
K03560	K07223	K03978	K07091	K04074	K06193	K04564
K03561	K07224	K03979	K07095	K04075	K06196	K04567
K03562	K07243	K03980	K07098	K04077	K06198	K04651
K03563	K07250	K04019	K07106	K04078	K06199	K04652
K03564	K07259	K04023	K07107	K04083	K06201	K04653
K03565	K07272	K04024	K07114	K04086	K06207	K04654
K03566	K07282	K04026	K07133	K04094	K06215	K04656
K03568	K07284	K04027	K07137	K04096	K06217	K04720
K03569	K07304	K04028	K07139	K04485	K06223	K04744
K03570	K07334	K04029	K07164	K04486	K06286	K04751
K03571	K07335	K04030	K07173	K04487	K06346	K04758
K03572	K07341	K04031	K07175	K04488	K06442	K04759
K03573	K07386	K04032	K07240	K04516	K06518	K05311
K03574	K07393	K04041	K07259	K04517	K06872	K05515
K03575	K07400	K04042	K07263	K04518	K06878	K05521
K03576	K07407	K04043	K07277	K04564	K06881	K05540
K03578	K07442	K04047	K07282	K04567	K06885	K05592
K03581	K07447	K04066	K07301	K04750	K06890	K05601
K03582	K07458	K04068	K07322	K04767	K06896	K05606
K03583	K07460	K04069	K07386	K05337	K06901	K05786
K03585	K07465	K04075	K07391	K05362	K06920	K05808
K03586	K07473	K04077	K07405	K05363	K06925	K05810
K03587	K07478	K04078	K07407	K05366	K06929	K05825
K03588	K07497	K04079	K07444	K05521	K06940	K05832
K03590	K07503	K04083	K07447	K05592	K06941	K05833
K03591	K07507	K04094	K07448	K05593	K06942	K05837
K03592	K07654	K04096	K07456	K05595	K06948	K05895
K03593	K07658	K04485	K07460	K05808	K06949	K05896
K03595	K07670	K04487	K07462	K05823	K06950	K05919
K03596	K07684	K04488	K07464	K05832	K06958	K05934
K03597	K07693	K04567	K07478	K05833	K06959	K05936
K03598	K07727	K04720	K07560	K05837	K06960	K05946
K03599	K07729	K04749	K07566	K05846	K06967	K05985
K03600	K07736	K04754	K07568	K05847	K06969	K06016
K03601	K07738	K04757	K07588	K05896	K06997	K06024
K03602	K07742	K04763	K07689	K05985	K07007	K06041
K03603	K07746	K04773	K07787	K05995	K07009	K06042
K03604	K07768	K05366	K08281	K06023	K07010	K06142
K03607	K07776	K05367	K08301	K06024	K07015	K06147
K03610	K07778	K05515	K08303	K06131	K07017	K06153
K03611	K07792	K05521	K08307	K06147	K07024	K06158
K03612	K07979	K05592	K08325	K06148	K07025	K06168
K03613	K08167	K05601	K08589	K06153	K07029	K06173
K03614	K08256	K05808	K08590	K06173	K07030	K06178
K03615	K08281	K05810	K08641	K06177	K07040	K06180
K03616	K08289	K05832	K08998	K06178	K07042	K06183
K03617	K08296	K05833	K09000	K06180	K07052	K06187
K03621	K08300	K05837	K09013	K06183	K07056	K06193
K03624	K08483	K05846	K09014	K06187	K07058	K06199
K03625	K08681	K05847	K09015	K06188	K07074	K06200
K03628	K08884	K05878	K09022	K06191	K07082	K06206
K03629	K08972	K05879	K09117	K06193	K07089	K06207
K03630	K08978	K05895	K09155	K06196	K07095	K06209
K03631	K08987	K05896	K09181	K06198	K07104	K06217
K03632	K08998	K05934	K09457	K06199	K07105	K06281
K03633	K09009	K05936	K09458	K06201	K07124	K06282
K03634	K09013	K05964	K09748	K06207	K07139	K06287
K03635	K09014	K05966	K09760	K06217	K07146	K06346
K03636	K09015	K05985	K09761	K06286	K07166	K06381
K03637	K09019	K05995	K09789	K06330	K07170	K06409
K03639	K09022	K06015	K09797	K06346	K07171	K06442
K03640	K09118	K06023	K09808	K06442	K07173	K06726
K03641	K09136	K06024	K09810	K06518	K07177	K06861
K03642	K09138	K06041	K09811	K06878	K07258	K06864
K03643	K09153	K06042	K09812	K06881	K07260	K06871
K03644	K09162	K06076	K09815	K06885	K07271	K06881
K03645	K09167	K06131	K09816	K06889	K07273	K06890
K03646	K09684	K06142	K09817	K06890	K07282	K06895
K03648	K09690	K06143	K09861	K06893	K07284	K06898
K03650	K09691	K06147	K09888	K06896	K07313	K06901
K03651	K09710	K06148	K09903	K06901	K07335	K06911
K03654	K09748	K06153	K09973	K06925	K07386	K06920
K03655	K09762	K06158	K10716	K06929	K07404	K06921
K03656	K09767	K06168	K10773	K06940	K07444	K06925
K03657	K09772	K06173	K11065	K06941	K07447	K06926
K03664	K09780	K06178	K11085	K06942	K07456	K06929
K03666	K09781	K06179	K11105	K06948	K07461	K06941
K03667	K09791	K06180	K11175	K06949	K07462	K06942
K03671	K09811	K06183	K11537	K06950	K07478	K06949
K03673	K09812	K06187	K11717	K06958	K07491	K06950
K03674	K09816	K06196	K11720	K06959	K07533	K06956
K03675	K09858	K06199	K11749	K06960	K07560	K06958
K03683	K09861	K06201	K11752	K06967	K07566	K06959
K03684	K09903	K06207	K11753	K06969	K07568	K06960
K03685	K09956	K06209	K11754	K06997	K07570	K06962
K03686	K10005	K06213	K11996	K07004	K07574	K06967
K03687	K10006	K06215	K12251	K07007	K07584	K06972
K03695	K10007	K06218	K12257	K07009	K07586	K06997
K03701	K10008	K06223	K12267	K07010	K07652	K07005
K03702	K10112	K06287	K12340	K07015	K07668	K07007
K03703	K10117	K06346	K12373	K07023	K07718	K07010
K03704	K10118	K06381	K12410	K07024	K07720	K07024
K03711	K10119	K06412	K12573	K07025	K07729	K07027
K03718	K10716	K06442	K12960	K07029	K07738	K07029
K03719	K10773	K06518	K13016	K07030	K07742	K07033
K03720	K10805	K06861	K13018	K07040	K07778	K07040
K03721	K10843	K06881	K13038	K07042	K07816	K07042
K03722	K10947	K06885	K13730	K07052	K07862	K07043
K03723	K11065	K06889	K13747	K07054	K08303	K07053
K03732	K11068	K06890	K13789	K07056	K08316	K07056
K03733	K11189	K06894	K14441	K07058	K08483	K07082
K03734	K11263	K06895	K14534	K07078	K08591	K07088
K03745	K11533	K06901	K14652	K07082	K08600	K07089
K03746	K11717	K06919	K14742	K07088	K08602	K07090
K03748	K11733	K06925	K15342	K07089	K08681	K07095
K03750	K11737	K06941	K15460	K07095	K08884	K07098
K03752	K11738	K06942	K15738	K07104	K08974	K07099
K03753	K11754	K06948	K15876	K07105	K08978	K07107
K03764	K11928	K06949	K16089	K07124	K08986	K07133
K03768	K11996	K06950	K16092	K07139	K08998	K07137
K03770	K12308	K06958	K16264	K07146	K09013	K07139
K03771	K12410	K06959	K16345	K07166	K09014	K07141
K03772	K12510	K06960	K16363	K07170	K09015	K07150
K03773	K12511	K06966	K17103	K07173	K09022	K07160
K03775	K12574	K06969	K17759	K07177	K09155	K07166
K03778	K13038	K06975	K17828	K07192	K09157	K07183
K03781	K13288	K06997	K18011	K07224	K09457	K07220
K03784	K13527	K07001	K18012	K07243	K09458	K07258
K03786	K13570	K07005	K18013	K07258	K09685	K07277
K03787	K13571	K07006	K18014	K07260	K09698	K07318
K03788	K13572	K07010	K18119	K07271	K09704	K07326
K03789	K13573	K07012	K18120	K07272	K09710	K07339
K03797	K13633	K07024	K18122	K07273	K09747	K07341
K03798	K13787	K07027	K18346	K07282	K09748	K07391
K03799	K13788	K07030	NA	K07284	K09760	K07402
K03801	K14155	K07035	NA	K07313	K09761	K07447
K03803	K14161	K07037	NA	K07334	K09762	K07455
K03804	K14162	K07042	NA	K07335	K09765	K07456
K03806	K14652	K07043	NA	K07386	K09772	K07459
K03808	K14698	K07045	NA	K07404	K09787	K07460
K03811	K14742	K07050	NA	K07443	K09790	K07462
K03813	K14761	K07052	NA	K07444	K09811	K07478
K03814	K15269	K07053	NA	K07447	K09812	K07491
K03820	K15533	K07056	NA	K07456	K09815	K07552
K03831	K15581	K07058	NA	K07461	K09816	K07566
K03832	K15582	K07067	NA	K07462	K09817	K07568
K03833	K15634	K07069	NA	K07478	K09861	K07571
K03834	K15770	K07082	NA	K07533	K09903	K07574
K03835	K15771	K07084	NA	K07560	K09962	K07584
K03837	K15772	K07085	NA	K07566	K09976	K07588
K03839	K16013	K07088	NA	K07568	K10026	K07590
K03841	K16146	K07090	NA	K07570	K10039	K07665
K03885	K16148	K07091	NA	K07574	K10040	K07738
K03925	K16211	K07095	NA	K07584	K10041	K07742
K03929	K16264	K07097	NA	K07586	K10112	K07791
K03977	K16301	K07105	NA	K07652	K10530	K07792
K03978	K16698	K07107	NA	K07668	K10536	K07862
K03979	K16787	K07114	NA	K07706	K10563	K08161
K03980	K16870	K07120	NA	K07707	K10681	K08223
K03981	K16925	K07124	NA	K07718	K10682	K08301
K04013	K16937	K07133	NA	K07720	K10773	K08303
K04014	K17315	K07137	NA	K07727	K10819	K08309
K04015	K17316	K07139	NA	K07729	K10823	K08325
K04016	K17317	K07150	NA	K07738	K10947	K08483
K04042	K17810	K07154	NA	K07742	K11041	K08590
K04043	K17947	K07160	NA	K07778	K11065	K08591
K04044	K18230	K07173	NA	K07816	K11068	K08680
K04047	K18352	K07183	NA	K07862	K11069	K08722
K04062	NA	K07192	NA	K08217	K11070	K08884
K04066	NA	K07213	NA	K08234	K11071	K08963
K04067	NA	K07230	NA	K08303	K11072	K08989
K04068	NA	K07240	NA	K08310	K11144	K09002
K04069	NA	K07243	NA	K08316	K11145	K09013
K04072	NA	K07258	NA	K08483	K11175	K09014
K04075	NA	K07271	NA	K08591	K11189	K09022
K04077	NA	K07274	NA	K08600	K11617	K09117
K04078	NA	K07277	NA	K08602	K11618	K09121
K04079	NA	K07313	NA	K08643	K11704	K09155
K04082	NA	K07315	NA	K08659	K11705	K09157
K04083	NA	K07319	NA	K08884	K11706	K09162
K04084	NA	K07334	NA	K08974	K11717	K09457
K04085	NA	K07391	NA	K08986	K11749	K09458
K04087	NA	K07444	NA	K08987	K11753	K09477
K04088	NA	K07447	NA	K08998	K11754	K09685
K04095	NA	K07456	NA	K09013	K11991	K09698
K04096	NA	K07459	NA	K09014	K12251	K09710
K04485	NA	K07460	NA	K09015	K12267	K09729
K04487	NA	K07461	NA	K09022	K12268	K09747
K04488	NA	K07462	NA	K09134	K12269	K09748
K04564	NA	K07464	NA	K09153	K12270	K09761
K04565	NA	K07473	NA	K09155	K12292	K09762
K04567	NA	K07474	NA	K09157	K12293	K09767
K04568	NA	K07478	NA	K09458	K12294	K09771
K04651	NA	K07485	NA	K09685	K12295	K09772
K04652	NA	K07491	NA	K09698	K12296	K09773
K04653	NA	K07496	NA	K09704	K12308	K09774
K04654	NA	K07507	NA	K09710	K12373	K09775
K04655	NA	K07559	NA	K09747	K12410	K09777
K04656	NA	K07560	NA	K09748	K12555	K09787
K04691	NA	K07566	NA	K09760	K12556	K09790
K04744	NA	K07568	NA	K09761	K12573	K09800
K04751	NA	K07574	NA	K09762	K12574	K09807
K04753	NA	K07584	NA	K09765	K12960	K09811
K04754	NA	K07678	NA	K09772	K12996	K09812
K04755	NA	K07712	NA	K09773	K13052	K09815
K04760	NA	K07718	NA	K09787	K13292	K09816
K04761	NA	K07738	NA	K09790	K13653	K09817
K04762	NA	K07742	NA	K09811	K13678	K09824
K04763	NA	K07793	NA	K09812	K13734	K09825
K04764	NA	K08301	NA	K09815	K13747	K09861
K04765	NA	K08303	NA	K09816	K13789	K09903
K04770	NA	K08483	NA	K09817	K13940	K09949
K04772	NA	K08591	NA	K09825	K14155	K09952
K04773	NA	K08602	NA	K09861	K14188	K10026
K04774	NA	K08974	NA	K09903	K14260	K10206
K05365	NA	K08978	NA	K09925	K14540	K10439
K05366	NA	K08998	NA	K09951	K14982	K10440
K05367	NA	K09022	NA	K09952	K14983	K10441
K05501	NA	K09123	NA	K09962	K15051	K10773
K05515	NA	K09125	NA	K09963	K15580	K10823
K05516	NA	K09128	NA	K09976	K15581	K10947
K05527	NA	K09155	NA	K10112	K15582	K11065
K05539	NA	K09458	NA	K10120	K15583	K11085
K05540	NA	K09729	NA	K10121	K15634	K11145
K05541	NA	K09747	NA	K10122	K15738	K11175
K05589	NA	K09748	NA	K10439	K15770	K11189
K05590	NA	K09761	NA	K10563	K15771	K11707
K05592	NA	K09762	NA	K10670	K15772	K11708
K05595	NA	K09765	NA	K10681	K15923	K11709
K05685	NA	K09769	NA	K10682	K15986	K11710
K05775	NA	K09772	NA	K10716	K16169	K11717
K05786	NA	K09778	NA	K10773	K16264	K11719
K05787	NA	K09787	NA	K10819	K16509	K11720
K05788	NA	K09789	NA	K10823	K16511	K11733
K05801	NA	K09790	NA	K10947	K16785	K11737
K05802	NA	K09802	NA	K11041	K16786	K11749
K05803	NA	K09808	NA	K11050	K16787	K11752
K05807	NA	K09810	NA	K11051	K16788	K11753
K05809	NA	K09811	NA	K11065	K16868	K11754
K05810	NA	K09815	NA	K11068	K16898	K11928
K05837	NA	K09816	NA	K11069	K16899	K12267
K05838	NA	K09817	NA	K11070	K16923	K12506
K05844	NA	K09825	NA	K11071	K16925	K12573
K05846	NA	K09861	NA	K11072	K16926	K12574
K05847	NA	K09903	NA	K11144	K16957	K12733
K05851	NA	K09935	NA	K11145	K16958	K12960
K05939	NA	K09949	NA	K11175	K16959	K13038
K05952	NA	K10540	NA	K11189	K16960	K13256
K05995	NA	K10541	NA	K11209	K17074	K13292
K06039	NA	K10542	NA	K11617	K17076	K13498
K06041	NA	K10773	NA	K11618	K17318	K13542
K06076	NA	K10824	NA	K11704	K17319	K13643
K06077	NA	K11066	NA	K11705	K17320	K13789
K06131	NA	K11068	NA	K11706	K17624	K13818
K06133	NA	K11069	NA	K11717	K17686	K13888
K06142	NA	K11070	NA	K11749	K17828	K14155
K06145	NA	K11071	NA	K11753	NA	K14170
K06147	NA	K11072	NA	K11754	NA	K14441
K06148	NA	K11085	NA	K11991	NA	K14540
K06149	NA	K11105	NA	K12267	NA	K14652
K06158	NA	K11145	NA	K12268	NA	K14761
K06168	NA	K11175	NA	K12269	NA	K15125
K06173	NA	K11189	NA	K12270	NA	K15580
K06175	NA	K11690	NA	K12292	NA	K15581
K06176	NA	K11707	NA	K12293	NA	K15582
K06177	NA	K11708	NA	K12294	NA	K15583
K06178	NA	K11709	NA	K12295	NA	K15633
K06179	NA	K11720	NA	K12296	NA	K15738
K06180	NA	K11749	NA	K12308	NA	K15977
K06181	NA	K11752	NA	K12373	NA	K15986
K06183	NA	K11753	NA	K12410	NA	K16014
K06186	NA	K11754	NA	K12554	NA	K16092
K06187	NA	K11928	NA	K12555	NA	K16651
K06189	NA	K12267	NA	K12556	NA	K16785
K06190	NA	K12370	NA	K12573	NA	K16786
K06193	NA	K12410	NA	K12574	NA	K16787
K06194	NA	K12573	NA	K12960	NA	K16788
K06196	NA	K12574	NA	K12996	NA	K16789
K06202	NA	K12942	NA	K12997	NA	K16898
K06203	NA	K12950	NA	K13012	NA	K16899
K06204	NA	K13038	NA	K13052	NA	K17103
K06205	NA	K13052	NA	K13292	NA	K17677
K06206	NA	K13292	NA	K13653	NA	K17686
K06207	NA	K13542	NA	K13789	NA	K17759
K06211	NA	K13653	NA	K13940	NA	K17828
K06212	NA	K13789	NA	K13953	NA	K17836
K06218	NA	K13919	NA	K14155	NA	K18118
K06223	NA	K13920	NA	K14188	NA	K18302
K06518	NA	K13922	NA	K14260	NA	NA
K06726	NA	K13940	NA	K14540	NA	NA
K06861	NA	K14155	NA	K14982	NA	NA
K06866	NA	K14392	NA	K14983	NA	NA
K06879	NA	K14540	NA	K15051	NA	NA
K06889	NA	K14652	NA	K15383	NA	NA
K06890	NA	K14761	NA	K15580	NA	NA
K06894	NA	K15024	NA	K15581	NA	NA
K06899	NA	K15125	NA	K15582	NA	NA
K06901	NA	K15256	NA	K15583	NA	NA
K06910	NA	K15342	NA	K15634	NA	NA
K06911	NA	K15553	NA	K15738	NA	NA
K06915	NA	K15554	NA	K15770	NA	NA
K06918	NA	K15555	NA	K15771	NA	NA
K06920	NA	K15584	NA	K15772	NA	NA
K06925	NA	K15586	NA	K15986	NA	NA
K06941	NA	K15587	NA	K16169	NA	NA
K06942	NA	K15634	NA	K16264	NA	NA
K06949	NA	K15986	NA	K16301	NA	NA
K06957	NA	K15987	NA	K16509	NA	NA
K06958	NA	K16214	NA	K16511	NA	NA
K06959	NA	K16785	NA	K16785	NA	NA
K06966	NA	K16786	NA	K16786	NA	NA
K06968	NA	K16787	NA	K16787	NA	NA
K06975	NA	K16950	NA	K16788	NA	NA
K06980	NA	K16951	NA	K16868	NA	NA
K06997	NA	K17103	NA	K16898	NA	NA
K07001	NA	K17677	NA	K16899	NA	NA
K07007	NA	K17686	NA	K16923	NA	NA
K07012	NA	K17828	NA	K16924	NA	NA
K07014	NA	K17836	NA	K16926	NA	NA
K07024	NA	K18011	NA	K17074	NA	NA
K07025	NA	K18012	NA	K17076	NA	NA
K07040	NA	K18013	NA	K17103	NA	NA
K07042	NA	K18014	NA	K17318	NA	NA
K07053	NA	K18122	NA	K17319	NA	NA
K07054	NA	NA	NA	K17320	NA	NA
K07056	NA	NA	NA	K17686	NA	NA
K07058	NA	NA	NA	K17828	NA	NA
K07071	NA	NA	NA	NA	NA	NA
K07082	NA	NA	NA	NA	NA	NA
K07084	NA	NA	NA	NA	NA	NA
K07085	NA	NA	NA	NA	NA	NA
K07090	NA	NA	NA	NA	NA	NA
K07091	NA	NA	NA	NA	NA	NA
K07098	NA	NA	NA	NA	NA	NA
K07106	NA	NA	NA	NA	NA	NA
K07107	NA	NA	NA	NA	NA	NA
K07109	NA	NA	NA	NA	NA	NA
K07112	NA	NA	NA	NA	NA	NA
K07113	NA	NA	NA	NA	NA	NA
K07115	NA	NA	NA	NA	NA	NA
K07121	NA	NA	NA	NA	NA	NA
K07122	NA	NA	NA	NA	NA	NA
K07124	NA	NA	NA	NA	NA	NA
K07126	NA	NA	NA	NA	NA	NA
K07133	NA	NA	NA	NA	NA	NA
K07153	NA	NA	NA	NA	NA	NA
K07154	NA	NA	NA	NA	NA	NA
K07171	NA	NA	NA	NA	NA	NA
K07172	NA	NA	NA	NA	NA	NA
K07173	NA	NA	NA	NA	NA	NA
K07184	NA	NA	NA	NA	NA	NA
K07186	NA	NA	NA	NA	NA	NA
K07213	NA	NA	NA	NA	NA	NA
K07220	NA	NA	NA	NA	NA	NA
K07230	NA	NA	NA	NA	NA	NA
K07235	NA	NA	NA	NA	NA	NA
K07236	NA	NA	NA	NA	NA	NA
K07237	NA	NA	NA	NA	NA	NA
K07243	NA	NA	NA	NA	NA	NA
K07258	NA	NA	NA	NA	NA	NA
K07259	NA	NA	NA	NA	NA	NA
K07261	NA	NA	NA	NA	NA	NA
K07262	NA	NA	NA	NA	NA	NA
K07263	NA	NA	NA	NA	NA	NA
K07268	NA	NA	NA	NA	NA	NA
K07270	NA	NA	NA	NA	NA	NA
K07275	NA	NA	NA	NA	NA	NA
K07277	NA	NA	NA	NA	NA	NA
K07278	NA	NA	NA	NA	NA	NA
K07285	NA	NA	NA	NA	NA	NA
K07286	NA	NA	NA	NA	NA	NA
K07287	NA	NA	NA	NA	NA	NA
K07306	NA	NA	NA	NA	NA	NA
K07307	NA	NA	NA	NA	NA	NA
K07308	NA	NA	NA	NA	NA	NA
K07320	NA	NA	NA	NA	NA	NA
K07323	NA	NA	NA	NA	NA	NA
K07334	NA	NA	NA	NA	NA	NA
K07340	NA	NA	NA	NA	NA	NA
K07343	NA	NA	NA	NA	NA	NA
K07389	NA	NA	NA	NA	NA	NA
K07390	NA	NA	NA	NA	NA	NA
K07391	NA	NA	NA	NA	NA	NA
K07400	NA	NA	NA	NA	NA	NA
K07447	NA	NA	NA	NA	NA	NA
K07460	NA	NA	NA	NA	NA	NA
K07462	NA	NA	NA	NA	NA	NA
K07464	NA	NA	NA	NA	NA	NA
K07473	NA	NA	NA	NA	NA	NA
K07478	NA	NA	NA	NA	NA	NA
K07479	NA	NA	NA	NA	NA	NA
K07483	NA	NA	NA	NA	NA	NA
K07497	NA	NA	NA	NA	NA	NA
K07507	NA	NA	NA	NA	NA	NA
K07552	NA	NA	NA	NA	NA	NA
K07560	NA	NA	NA	NA	NA	NA
K07566	NA	NA	NA	NA	NA	NA
K07568	NA	NA	NA	NA	NA	NA
K07574	NA	NA	NA	NA	NA	NA
K07640	NA	NA	NA	NA	NA	NA
K07645	NA	NA	NA	NA	NA	NA
K07648	NA	NA	NA	NA	NA	NA
K07662	NA	NA	NA	NA	NA	NA
K07666	NA	NA	NA	NA	NA	NA
K07674	NA	NA	NA	NA	NA	NA
K07685	NA	NA	NA	NA	NA	NA
K07726	NA	NA	NA	NA	NA	NA
K07733	NA	NA	NA	NA	NA	NA
K07735	NA	NA	NA	NA	NA	NA
K07738	NA	NA	NA	NA	NA	NA
K07751	NA	NA	NA	NA	NA	NA
K07773	NA	NA	NA	NA	NA	NA
K07783	NA	NA	NA	NA	NA	NA
K07792	NA	NA	NA	NA	NA	NA
K07812	NA	NA	NA	NA	NA	NA
K07821	NA	NA	NA	NA	NA	NA
K08159	NA	NA	NA	NA	NA	NA
K08218	NA	NA	NA	NA	NA	NA
K08296	NA	NA	NA	NA	NA	NA
K08300	NA	NA	NA	NA	NA	NA
K08301	NA	NA	NA	NA	NA	NA
K08303	NA	NA	NA	NA	NA	NA
K08304	NA	NA	NA	NA	NA	NA
K08305	NA	NA	NA	NA	NA	NA
K08306	NA	NA	NA	NA	NA	NA
K08309	NA	NA	NA	NA	NA	NA
K08310	NA	NA	NA	NA	NA	NA
K08311	NA	NA	NA	NA	NA	NA
K08312	NA	NA	NA	NA	NA	NA
K08315	NA	NA	NA	NA	NA	NA
K08316	NA	NA	NA	NA	NA	NA
K08319	NA	NA	NA	NA	NA	NA
K08321	NA	NA	NA	NA	NA	NA
K08475	NA	NA	NA	NA	NA	NA
K08476	NA	NA	NA	NA	NA	NA
K08478	NA	NA	NA	NA	NA	NA
K08483	NA	NA	NA	NA	NA	NA
K08591	NA	NA	NA	NA	NA	NA
K08680	NA	NA	NA	NA	NA	NA
K08722	NA	NA	NA	NA	NA	NA
K08978	NA	NA	NA	NA	NA	NA
K08990	NA	NA	NA	NA	NA	NA
K08992	NA	NA	NA	NA	NA	NA
K08996	NA	NA	NA	NA	NA	NA
K09001	NA	NA	NA	NA	NA	NA
K09022	NA	NA	NA	NA	NA	NA
K09125	NA	NA	NA	NA	NA	NA
K09131	NA	NA	NA	NA	NA	NA
K09136	NA	NA	NA	NA	NA	NA
K09158	NA	NA	NA	NA	NA	NA
K09159	NA	NA	NA	NA	NA	NA
K09160	NA	NA	NA	NA	NA	NA
K09161	NA	NA	NA	NA	NA	NA
K09458	NA	NA	NA	NA	NA	NA
K09471	NA	NA	NA	NA	NA	NA
K09690	NA	NA	NA	NA	NA	NA
K09691	NA	NA	NA	NA	NA	NA
K09710	NA	NA	NA	NA	NA	NA
K09747	NA	NA	NA	NA	NA	NA
K09748	NA	NA	NA	NA	NA	NA
K09760	NA	NA	NA	NA	NA	NA
K09761	NA	NA	NA	NA	NA	NA
K09765	NA	NA	NA	NA	NA	NA
K09767	NA	NA	NA	NA	NA	NA
K09774	NA	NA	NA	NA	NA	NA
K09780	NA	NA	NA	NA	NA	NA
K09789	NA	NA	NA	NA	NA	NA
K09790	NA	NA	NA	NA	NA	NA
K09791	NA	NA	NA	NA	NA	NA
K09796	NA	NA	NA	NA	NA	NA
K09798	NA	NA	NA	NA	NA	NA
K09800	NA	NA	NA	NA	NA	NA
K09801	NA	NA	NA	NA	NA	NA
K09802	NA	NA	NA	NA	NA	NA
K09806	NA	NA	NA	NA	NA	NA
K09808	NA	NA	NA	NA	NA	NA
K09810	NA	NA	NA	NA	NA	NA
K09811	NA	NA	NA	NA	NA	NA
K09812	NA	NA	NA	NA	NA	NA
K09815	NA	NA	NA	NA	NA	NA
K09816	NA	NA	NA	NA	NA	NA
K09817	NA	NA	NA	NA	NA	NA
K09824	NA	NA	NA	NA	NA	NA
K09858	NA	NA	NA	NA	NA	NA
K09861	NA	NA	NA	NA	NA	NA
K09888	NA	NA	NA	NA	NA	NA
K09889	NA	NA	NA	NA	NA	NA
K09890	NA	NA	NA	NA	NA	NA
K09891	NA	NA	NA	NA	NA	NA
K09892	NA	NA	NA	NA	NA	NA
K09893	NA	NA	NA	NA	NA	NA
K09894	NA	NA	NA	NA	NA	NA
K09895	NA	NA	NA	NA	NA	NA
K09896	NA	NA	NA	NA	NA	NA
K09897	NA	NA	NA	NA	NA	NA
K09898	NA	NA	NA	NA	NA	NA
K09899	NA	NA	NA	NA	NA	NA
K09900	NA	NA	NA	NA	NA	NA
K09901	NA	NA	NA	NA	NA	NA
K09902	NA	NA	NA	NA	NA	NA
K09903	NA	NA	NA	NA	NA	NA
K09904	NA	NA	NA	NA	NA	NA
K09906	NA	NA	NA	NA	NA	NA
K09907	NA	NA	NA	NA	NA	NA
K09908	NA	NA	NA	NA	NA	NA
K09909	NA	NA	NA	NA	NA	NA
K09910	NA	NA	NA	NA	NA	NA
K09911	NA	NA	NA	NA	NA	NA
K09917	NA	NA	NA	NA	NA	NA
K09923	NA	NA	NA	NA	NA	NA
K09946	NA	NA	NA	NA	NA	NA
K09974	NA	NA	NA	NA	NA	NA
K09997	NA	NA	NA	NA	NA	NA
K09998	NA	NA	NA	NA	NA	NA
K09999	NA	NA	NA	NA	NA	NA
K10000	NA	NA	NA	NA	NA	NA
K10009	NA	NA	NA	NA	NA	NA
K10010	NA	NA	NA	NA	NA	NA
K10094	NA	NA	NA	NA	NA	NA
K10108	NA	NA	NA	NA	NA	NA
K10109	NA	NA	NA	NA	NA	NA
K10110	NA	NA	NA	NA	NA	NA
K10111	NA	NA	NA	NA	NA	NA
K10439	NA	NA	NA	NA	NA	NA
K10440	NA	NA	NA	NA	NA	NA
K10441	NA	NA	NA	NA	NA	NA
K10540	NA	NA	NA	NA	NA	NA
K10541	NA	NA	NA	NA	NA	NA
K10542	NA	NA	NA	NA	NA	NA
K10543	NA	NA	NA	NA	NA	NA
K10544	NA	NA	NA	NA	NA	NA
K10545	NA	NA	NA	NA	NA	NA
K10555	NA	NA	NA	NA	NA	NA
K10556	NA	NA	NA	NA	NA	NA
K10557	NA	NA	NA	NA	NA	NA
K10558	NA	NA	NA	NA	NA	NA
K10563	NA	NA	NA	NA	NA	NA
K10678	NA	NA	NA	NA	NA	NA
K10763	NA	NA	NA	NA	NA	NA
K10773	NA	NA	NA	NA	NA	NA
K10805	NA	NA	NA	NA	NA	NA
K10806	NA	NA	NA	NA	NA	NA
K10823	NA	NA	NA	NA	NA	NA
K10914	NA	NA	NA	NA	NA	NA
K11003	NA	NA	NA	NA	NA	NA
K11004	NA	NA	NA	NA	NA	NA
K11005	NA	NA	NA	NA	NA	NA
K11013	NA	NA	NA	NA	NA	NA
K11014	NA	NA	NA	NA	NA	NA
K11015	NA	NA	NA	NA	NA	NA
K11065	NA	NA	NA	NA	NA	NA
K11069	NA	NA	NA	NA	NA	NA
K11070	NA	NA	NA	NA	NA	NA
K11071	NA	NA	NA	NA	NA	NA
K11072	NA	NA	NA	NA	NA	NA
K11085	NA	NA	NA	NA	NA	NA
K11107	NA	NA	NA	NA	NA	NA
K11179	NA	NA	NA	NA	NA	NA
K11183	NA	NA	NA	NA	NA	NA
K11211	NA	NA	NA	NA	NA	NA
K11216	NA	NA	NA	NA	NA	NA
K11530	NA	NA	NA	NA	NA	NA
K11531	NA	NA	NA	NA	NA	NA
K11534	NA	NA	NA	NA	NA	NA
K11604	NA	NA	NA	NA	NA	NA
K11605	NA	NA	NA	NA	NA	NA
K11606	NA	NA	NA	NA	NA	NA
K11607	NA	NA	NA	NA	NA	NA
K11719	NA	NA	NA	NA	NA	NA
K11720	NA	NA	NA	NA	NA	NA
K11749	NA	NA	NA	NA	NA	NA
K11752	NA	NA	NA	NA	NA	NA
K11753	NA	NA	NA	NA	NA	NA
K11754	NA	NA	NA	NA	NA	NA
K11755	NA	NA	NA	NA	NA	NA
K11904	NA	NA	NA	NA	NA	NA
K11907	NA	NA	NA	NA	NA	NA
K11928	NA	NA	NA	NA	NA	NA
K11936	NA	NA	NA	NA	NA	NA
K11991	NA	NA	NA	NA	NA	NA
K11996	NA	NA	NA	NA	NA	NA
K12136	NA	NA	NA	NA	NA	NA
K12137	NA	NA	NA	NA	NA	NA
K12138	NA	NA	NA	NA	NA	NA
K12139	NA	NA	NA	NA	NA	NA
K12140	NA	NA	NA	NA	NA	NA
K12141	NA	NA	NA	NA	NA	NA
K12142	NA	NA	NA	NA	NA	NA
K12143	NA	NA	NA	NA	NA	NA
K12144	NA	NA	NA	NA	NA	NA
K12145	NA	NA	NA	NA	NA	NA
K12267	NA	NA	NA	NA	NA	NA
K12297	NA	NA	NA	NA	NA	NA
K12368	NA	NA	NA	NA	NA	NA
K12369	NA	NA	NA	NA	NA	NA
K12370	NA	NA	NA	NA	NA	NA
K12371	NA	NA	NA	NA	NA	NA
K12372	NA	NA	NA	NA	NA	NA
K12373	NA	NA	NA	NA	NA	NA
K12410	NA	NA	NA	NA	NA	NA
K12509	NA	NA	NA	NA	NA	NA
K12510	NA	NA	NA	NA	NA	NA
K12511	NA	NA	NA	NA	NA	NA
K12512	NA	NA	NA	NA	NA	NA
K12513	NA	NA	NA	NA	NA	NA
K12514	NA	NA	NA	NA	NA	NA
K12515	NA	NA	NA	NA	NA	NA
K12524	NA	NA	NA	NA	NA	NA
K12573	NA	NA	NA	NA	NA	NA
K12982	NA	NA	NA	NA	NA	NA
K12984	NA	NA	NA	NA	NA	NA
K12994	NA	NA	NA	NA	NA	NA
K13038	NA	NA	NA	NA	NA	NA
K13283	NA	NA	NA	NA	NA	NA
K13288	NA	NA	NA	NA	NA	NA
K13292	NA	NA	NA	NA	NA	NA
K13498	NA	NA	NA	NA	NA	NA
K13628	NA	NA	NA	NA	NA	NA
K13634	NA	NA	NA	NA	NA	NA
K13637	NA	NA	NA	NA	NA	NA
K13643	NA	NA	NA	NA	NA	NA
K13694	NA	NA	NA	NA	NA	NA
K13695	NA	NA	NA	NA	NA	NA
K13788	NA	NA	NA	NA	NA	NA
K13888	NA	NA	NA	NA	NA	NA
K13926	NA	NA	NA	NA	NA	NA
K13927	NA	NA	NA	NA	NA	NA
K14055	NA	NA	NA	NA	NA	NA
K14058	NA	NA	NA	NA	NA	NA
K14155	NA	NA	NA	NA	NA	NA
K14170	NA	NA	NA	NA	NA	NA
K14187	NA	NA	NA	NA	NA	NA
K14260	NA	NA	NA	NA	NA	NA
K14392	NA	NA	NA	NA	NA	NA
K14441	NA	NA	NA	NA	NA	NA
K14445	NA	NA	NA	NA	NA	NA
K14742	NA	NA	NA	NA	NA	NA
K15256	NA	NA	NA	NA	NA	NA
K15257	NA	NA	NA	NA	NA	NA
K15342	NA	NA	NA	NA	NA	NA
K15396	NA	NA	NA	NA	NA	NA
K15460	NA	NA	NA	NA	NA	NA
K15461	NA	NA	NA	NA	NA	NA
K15539	NA	NA	NA	NA	NA	NA
K15545	NA	NA	NA	NA	NA	NA
K15580	NA	NA	NA	NA	NA	NA
K15581	NA	NA	NA	NA	NA	NA
K15582	NA	NA	NA	NA	NA	NA
K15583	NA	NA	NA	NA	NA	NA
K15584	NA	NA	NA	NA	NA	NA
K15634	NA	NA	NA	NA	NA	NA
K15724	NA	NA	NA	NA	NA	NA
K15738	NA	NA	NA	NA	NA	NA
K15773	NA	NA	NA	NA	NA	NA
K15977	NA	NA	NA	NA	NA	NA
K15984	NA	NA	NA	NA	NA	NA
K16012	NA	NA	NA	NA	NA	NA
K16013	NA	NA	NA	NA	NA	NA
K16066	NA	NA	NA	NA	NA	NA
K16087	NA	NA	NA	NA	NA	NA
K16089	NA	NA	NA	NA	NA	NA
K16371	NA	NA	NA	NA	NA	NA
K16868	NA	NA	NA	NA	NA	NA
K16915	NA	NA	NA	NA	NA	NA
K17213	NA	NA	NA	NA	NA	NA
K17214	NA	NA	NA	NA	NA	NA
K17215	NA	NA	NA	NA	NA	NA
K17686	NA	NA	NA	NA	NA	NA
K17948	NA	NA	NA	NA	NA	NA
K18136	NA	NA	NA	NA	NA	NA
K18138	NA	NA	NA	NA	NA	NA
